{"mean": [0.47011590003967285, 0.44793766736984253, 0.40812140703201294], "std": [0.23308661580085754, 0.22878293693065643, 0.23223796486854553]}